{
  "test_accuracy": {
    "mean": 0.9495012528266322,
    "std": 0.0035916734865050408
  },
  "test_f1": {
    "mean": 0.9492781578446914,
    "std": 0.003566105112119568
  },
  "test_roc_auc": {
    "mean": 0.9884057390095151,
    "std": 0.000971824310639846
  },
  "test_average_precision": {
    "mean": 0.9881543662575163,
    "std": 0.0006766763484279245
  }
}