,mean,std
test_accuracy,0.6252863436123348,0.05336795772810623
test_precision,0.5925982224545049,0.04775892047516858
test_recall,0.8423788546255506,0.04799275919433157
test_f1,0.6932696986619875,0.019271949428552735
test_roc_auc,0.798537250868443,0.012866480748833488
test_auprc,0.8518447596357639,0.009026084604707578
