,mean,std
accuracy,0.9605322904201579,0.004822449549368444
precision,0.9535664273555973,0.009209552298033483
recall,0.9682936792120586,0.0014989654560169587
f1,0.9608541107108751,0.004593343617507548
roc_auc,0.9919736191304954,0.001432220195971785
